feature,mediana_watershed,mediana_cellpose,scarto_mediano,scarto_in_iqr,patch_con_aumento
circularity_std,0.20525,0.0632,-0.14379999999999998,5.281910009182736,0
circularity_skew,-0.7867999999999999,-2.2510000000000003,-1.67415,3.591055341055341,0
circularity_cv,0.25129999999999997,0.0653,-0.19595,3.4620141342756163,0
hchannel_std,38.7866,45.73845,8.05385,3.180103254592656,7
perimeter_um_cv,0.41715,0.2225,-0.18105,2.8681188118811884,0
solidity_std,0.08174999999999999,0.026250000000000002,-0.055349999999999996,2.7954545454545454,0
major_axis_um_cv,0.32615,0.22094999999999998,-0.10959999999999999,2.7746835443037985,0
perimeter_um_skew,1.5394,0.09135,-1.4594,2.765979625681118,0
solidity_cv,0.09375,0.027700000000000002,-0.06584999999999999,2.589970501474927,0
solidity_mean,0.8725499999999999,0.9451,0.07420000000000004,2.4774624373956673,10
circularity_mean,0.7987500000000001,0.96845,0.17454999999999998,2.164961240310079,10
major_axis_um_std,2.13215,1.1482,-0.8492,1.8586123878310365,0
perimeter_um_std,7.087,3.1915,-3.8614999999999995,1.7337134647330856,0
glcm_contrast,52.501149999999996,66.686,13.870550000000001,1.503289050274031,7
major_axis_um_skew,1.2402,0.62665,-0.6856000000000001,1.4605101986472813,1
perimeter_um_mean,18.53715,14.174499999999998,-4.656200000000001,1.2894042715220324,0
major_axis_um_mean,6.3732500000000005,5.3576,-1.0676,1.1078998573096388,1
eccentricity_mean,0.69395,0.649,-0.05185000000000001,1.0898581187598522,0
knn1_dist_mean_um,5.93915,5.4135,-0.4773000000000005,1.0882352941176479,1
aspect_ratio_skew,2.19285,2.4781500000000003,0.49065000000000003,1.0369389075449027,8
glcm_energy,0.04085,0.03745,-0.0030999999999999986,1.0222222222222228,3
aspect_ratio_mean,1.54745,1.4372500000000001,-0.12529999999999986,0.9350746268656698,0
area_um2_skew,1.3501,0.6307,-0.39065000000000005,0.9158069883527455,1
solidity_skew,-1.2229,-0.7412000000000001,0.3578,0.9144643052966337,7
minor_axis_um_mean,4.2495,3.91635,-0.45724999999999993,0.79517765420045,2
minor_axis_um_skew,0.30815,-0.21365,-0.48945000000000005,0.7848781270044902,1
area_um2_cv,0.4464,0.3925,-0.06549999999999997,0.7014725568942435,2
area_um2_mean,19.505499999999998,16.48725,-3.3195500000000013,0.6949994685938997,2
knn3_dist_mean_um,7.3214500000000005,6.77075,-0.4029499999999997,0.6618747905105952,1
glcm_homogeneity,0.23149999999999998,0.22155,-0.008400000000000019,0.644092219020173,3
aspect_ratio_std,0.43245,0.3487,-0.0781,0.6408205128205131,0
minor_axis_um_std,1.05835,0.91155,-0.17685000000000006,0.638858943527656,2
eccentricity_skew,-0.58355,-0.38949999999999996,0.2135,0.6264211838920266,8
nuclear_area_fraction,0.322,0.2782,-0.03655,0.6229170952478913,4
area_um2_std,8.88175,6.95815,-2.2464,0.6173378952141474,2
area_top10_mean_um2,37.413,31.501,-7.9345,0.6163316826876395,2
n_nuclei,159.5,178.5,17.5,0.5,9
nuclear_density_per_1000um2,15.0225,16.811999999999998,1.6479999999999997,0.4998483469821048,9
minor_axis_um_cv,0.25365,0.2281,-0.012650000000000008,0.4985531211244315,3
area_top10_short_axis_um,5.711,5.335,-0.45699999999999985,0.48783724015922125,2
aspect_ratio_cv,0.2792,0.26075000000000004,-0.030099999999999974,0.4791086350974929,2
eccentricity_std,0.1598,0.1583,-0.0018499999999999905,0.43823529411764656,4
hchannel_mean,167.31959999999998,164.33960000000002,1.076750000000004,0.4297819108506139,5
lbp_entropy,3.05845,3.0717,0.07515000000000027,0.41706033202861414,6
knn3_dist_std_um,1.26605,1.2595,0.010099999999999998,0.405315152358425,5
eccentricity_cv,0.2289,0.2476,0.013549999999999993,0.38358103326256177,7
knn1_dist_std_um,1.23415,1.24735,-0.025449999999999973,0.24114441416893728,4
